CustomerID,TotalRevenue,TotalPurchases,TotalQuantity,UniqueProducts,Country,AverageOrderValue,Recency,Frequency,Monetary,Cluster
C10001,22885.809999999998,3,63,8,India,7628.603333333333,117,3,22885.809999999998,1
C10003,12061.04,1,10,3,United Kingdom,12061.04,33,1,12061.04,0
C10004,10579.97,2,16,5,United Kingdom,5289.985,40,2,10579.97,0
C10005,14154.57,2,17,7,Germany,7077.285,297,2,14154.57,2
C10006,27389.290000000005,3,27,8,India,9129.763333333334,31,3,27389.290000000005,1
C10007,18247.42,4,28,8,Netherlands,4561.855,74,4,18247.42,1
C10008,15488.699999999999,3,29,7,United Kingdom,5162.9,8,3,15488.699999999999,0
C10009,9138.4,2,13,6,United Kingdom,4569.2,192,2,9138.4,2
C10010,8610.83,2,19,3,United Kingdom,4305.415,110,2,8610.83,0
C10011,706.78,1,1,1,United Kingdom,706.78,101,1,706.78,0
C10012,9485.27,1,14,6,United Kingdom,9485.27,224,1,9485.27,2
C10014,44386.66,2,68,12,United Kingdom,22193.33,76,2,44386.66,1
C10015,27418.48,3,32,10,India,9139.493333333334,24,3,27418.48,1
C10016,6347.87,2,4,3,United Kingdom,3173.935,152,2,6347.87,2
C10017,2901.65,1,7,3,United Kingdom,2901.65,19,1,2901.65,0
C10018,8604.92,1,5,2,India,8604.92,92,1,8604.92,0
C10021,15502.15,2,18,6,France,7751.075,131,2,15502.15,0
C10023,16624.32,3,41,9,United Kingdom,5541.44,212,3,16624.32,2
C10025,15472.8,3,14,6,Australia,5157.599999999999,136,3,15472.8,0
C10027,38387.14,2,26,3,United Kingdom,19193.57,58,2,38387.14,1
C10028,21765.78,5,27,11,United Kingdom,4353.156,4,5,21765.78,1
C10029,3399.69,1,13,2,EIRE,3399.69,161,1,3399.69,2
C10030,5671.55,1,13,5,India,5671.55,248,1,5671.55,2
C10031,35387.29,1,32,4,France,35387.29,285,1,35387.29,2
C10032,21031.96,2,39,6,Germany,10515.98,61,2,21031.96,0
C10033,3152.19,1,3,3,United Kingdom,3152.19,16,1,3152.19,0
C10035,11499.62,2,22,4,United Kingdom,5749.81,226,2,11499.62,2
C10036,14067.069999999998,1,18,4,United Kingdom,14067.069999999998,303,1,14067.069999999998,2
C10038,3600.58,1,2,1,India,3600.58,40,1,3600.58,0
C10039,10287.849999999999,2,19,6,Netherlands,5143.924999999999,30,2,10287.849999999999,0
C10041,10991.81,2,20,7,India,5495.905,57,2,10991.81,0
C10042,6080.18,3,9,5,United Kingdom,2026.7266666666667,171,3,6080.18,2
C10043,9670.71,2,12,7,United Kingdom,4835.355,185,2,9670.71,2
C10044,11581.619999999999,2,13,6,United Kingdom,5790.8099999999995,218,2,11581.619999999999,2
C10045,11177.9,3,20,7,United Kingdom,3725.9666666666667,184,3,11177.9,2
C10046,33107.76,4,46,9,United Kingdom,8276.94,273,4,33107.76,1
C10047,9296.14,2,14,4,United Kingdom,4648.07,192,2,9296.14,2
C10048,24667.88,1,31,5,United Kingdom,24667.88,303,1,24667.88,2
C10049,13512.23,1,9,3,India,13512.23,286,1,13512.23,2
C10050,4796.66,2,7,3,United Kingdom,2398.33,273,2,4796.66,2
C10051,7838.55,1,12,5,United Kingdom,7838.55,20,1,7838.55,0
C10054,6096.74,1,7,3,Portugal,6096.74,196,1,6096.74,2
C10055,3144.7200000000003,1,7,2,India,3144.7200000000003,263,1,3144.7200000000003,2
C10056,4359.58,2,11,4,India,2179.79,167,2,4359.58,2
C10057,1581.78,1,3,1,United Kingdom,1581.78,11,1,1581.78,0
C10058,3577.16,1,2,1,Germany,3577.16,282,1,3577.16,2
C10059,13689.19,2,14,4,United Kingdom,6844.595,105,2,13689.19,0
C10060,13548.21,1,18,8,United Kingdom,13548.21,249,1,13548.21,2
C10061,7213.26,1,6,2,Canada,7213.26,270,1,7213.26,2
C10062,32858.71,4,59,10,India,8214.6775,69,4,32858.71,1
C10063,27891.769999999997,3,40,10,United Kingdom,9297.256666666666,182,3,27891.769999999997,1
C10064,35659.37,3,43,11,India,11886.456666666667,136,3,35659.37,1
C10066,30582.429999999997,2,16,4,France,15291.214999999998,11,2,30582.429999999997,1
C10067,7914.46,1,13,2,United Kingdom,7914.46,162,1,7914.46,2
C10068,8119.380000000001,1,6,2,United Kingdom,8119.380000000001,14,1,8119.380000000001,0
C10070,9674.630000000001,2,14,5,United Kingdom,4837.3150000000005,62,2,9674.630000000001,0
C10071,6065.3,1,7,2,United Kingdom,6065.3,74,1,6065.3,0
C10072,3264.27,1,5,2,Portugal,3264.27,96,1,3264.27,0
C10073,2645.6,1,4,1,Netherlands,2645.6,328,1,2645.6,2
C10074,4900.28,3,10,4,United Kingdom,1633.4266666666665,3,3,4900.28,0
C10075,7622.620000000001,1,13,3,India,7622.620000000001,319,1,7622.620000000001,2
C10076,9834.92,1,12,3,United Kingdom,9834.92,112,1,9834.92,0
C10077,17236.48,3,11,5,Spain,5745.493333333333,52,3,17236.48,1
C10080,13147.76,3,17,6,United Kingdom,4382.586666666667,43,3,13147.76,0
C10081,11131.09,1,21,4,United Kingdom,11131.09,128,1,11131.09,0
C10082,3934.63,1,5,2,United Kingdom,3934.63,142,1,3934.63,2
C10083,11108.77,2,14,5,India,5554.385,130,2,11108.77,0
C10084,11986.84,3,17,6,Netherlands,3995.6133333333332,30,3,11986.84,0
C10086,5303.469999999999,2,7,3,United Kingdom,2651.7349999999997,17,2,5303.469999999999,0
C10087,10036.68,2,12,6,Singapore,5018.34,8,2,10036.68,0
C10088,9070.11,2,56,4,United Kingdom,4535.055,213,2,9070.11,2
C10089,12381.25,1,17,8,United Kingdom,12381.25,298,1,12381.25,2
C10091,43040.799999999996,4,73,12,United Kingdom,10760.199999999999,25,4,43040.799999999996,1
C10092,2932.17,1,4,2,India,2932.17,27,1,2932.17,0
C10093,30079.25,2,34,10,France,15039.625,130,2,30079.25,1
C10094,23375.72,2,41,9,United Kingdom,11687.86,223,2,23375.72,2
C10095,3142.05,2,5,3,United Kingdom,1571.025,37,2,3142.05,0
C10097,8524.800000000001,1,6,2,Singapore,8524.800000000001,147,1,8524.800000000001,2
C10098,1749.6399999999999,2,4,3,United Kingdom,874.8199999999999,126,2,1749.6399999999999,0
C10099,2812.42,2,5,4,Canada,1406.21,165,2,2812.42,2
C10100,29454.91,3,37,10,Netherlands,9818.303333333333,104,3,29454.91,1
C10101,23502.25,4,31,9,United Kingdom,5875.5625,31,4,23502.25,1
C10102,4117.53,1,3,1,Germany,4117.53,104,1,4117.53,0
C10103,9298.1,2,18,6,India,4649.05,28,2,9298.1,0
C10104,8238.29,3,16,5,United Kingdom,2746.096666666667,116,3,8238.29,0
C10105,10112.64,1,12,3,United Kingdom,10112.64,33,1,10112.64,0
C10106,1815.4,2,4,4,India,907.7,64,2,1815.4,0
C10107,5160.4,1,7,4,United Kingdom,5160.4,103,1,5160.4,0
C10108,2520.6800000000003,1,5,3,United Kingdom,2520.6800000000003,233,1,2520.6800000000003,2
C10109,10504.189999999999,1,11,5,United Kingdom,10504.189999999999,19,1,10504.189999999999,0
C10110,17646.0,2,22,4,Australia,8823.0,13,2,17646.0,0
C10111,13408.47,4,19,8,Netherlands,3352.1175,36,4,13408.47,1
C10112,20702.33,3,35,9,United Kingdom,6900.776666666668,131,3,20702.33,1
C10113,998.1,1,2,1,United Kingdom,998.1,325,1,998.1,2
C10114,9292.01,1,9,4,United Kingdom,9292.01,39,1,9292.01,0
C10115,2370.12,1,4,1,Spain,2370.12,119,1,2370.12,0
C10116,31381.94,6,42,10,Netherlands,5230.323333333333,1,6,31381.94,1
C10117,10224.93,2,5,1,United Kingdom,5112.465,255,2,10224.93,2
C10118,10000.71,1,6,2,India,10000.71,161,1,10000.71,2
C10119,4477.6,2,5,5,India,2238.8,178,2,4477.6,2
C10120,19286.25,4,24,7,United Kingdom,4821.5625,54,4,19286.25,1
C10121,17973.41,3,39,12,Germany,5991.136666666666,96,3,17973.41,1
C10122,12865.42,3,16,7,United Kingdom,4288.473333333333,22,3,12865.42,0
C10123,3227.35,1,11,3,France,3227.35,190,1,3227.35,2
C10124,5132.26,1,6,2,United Kingdom,5132.26,117,1,5132.26,0
C10125,3249.64,2,5,2,United Kingdom,1624.82,205,2,3249.64,2
C10126,29888.760000000002,4,38,11,United Kingdom,7472.1900000000005,60,4,29888.760000000002,1
C10127,15971.04,2,12,4,United Kingdom,7985.52,115,2,15971.04,0
C10129,12169.75,1,16,6,Netherlands,12169.75,60,1,12169.75,0
C10131,1281.88,1,2,1,United Kingdom,1281.88,82,1,1281.88,0
C10132,16386.59,2,31,7,United Kingdom,8193.295,175,2,16386.59,2
C10133,11096.04,2,25,5,Netherlands,5548.02,6,2,11096.04,0
C10134,14197.31,3,23,7,Portugal,4732.4366666666665,98,3,14197.31,0
C10135,33505.61,3,37,9,United Kingdom,11168.536666666667,27,3,33505.61,1
C10137,4436.31,1,6,3,United Kingdom,4436.31,243,1,4436.31,2
C10138,13301.57,2,17,3,Germany,6650.785,284,2,13301.57,2
C10140,3616.59,2,9,4,United Kingdom,1808.295,16,2,3616.59,0
C10141,11011.18,1,20,5,United Kingdom,11011.18,2,1,11011.18,0
C10142,15645.970000000001,1,23,6,United Kingdom,15645.970000000001,254,1,15645.970000000001,2
C10143,14609.48,3,16,4,United Kingdom,4869.826666666667,31,3,14609.48,0
C10144,19516.52,2,23,6,Netherlands,9758.26,148,2,19516.52,0
C10145,7233.36,1,8,1,United Kingdom,7233.36,227,1,7233.36,2
C10146,36093.9,3,37,12,United Kingdom,12031.300000000001,7,3,36093.9,1
C10147,55598.45,5,43,14,United Kingdom,11119.689999999999,15,5,55598.45,1
C10148,15625.84,2,13,4,Germany,7812.92,30,2,15625.84,0
C10149,18511.309999999998,2,15,6,United Kingdom,9255.654999999999,27,2,18511.309999999998,0
C10150,4422.950000000001,1,8,3,United Kingdom,4422.950000000001,316,1,4422.950000000001,2
C10151,75552.3,4,64,14,Singapore,18888.075,41,4,75552.3,1
C10152,13029.59,1,9,2,India,13029.59,240,1,13029.59,2
C10153,8418.74,1,16,4,United Kingdom,8418.74,170,1,8418.74,2
C10154,3245.17,2,10,4,United Kingdom,1622.585,161,2,3245.17,2
C10155,376.79,1,1,1,United Kingdom,376.79,241,1,376.79,2
C10157,19045.78,2,26,6,United Kingdom,9522.89,11,2,19045.78,0
C10159,23943.16,2,20,5,United Kingdom,11971.58,298,2,23943.16,2
C10163,10716.94,2,13,6,United Kingdom,5358.47,61,2,10716.94,0
C10167,3081.57,1,3,1,United Kingdom,3081.57,15,1,3081.57,0
C10168,19389.51,2,21,8,India,9694.755,106,2,19389.51,0
C10169,8071.469999999999,1,6,2,United Kingdom,8071.469999999999,85,1,8071.469999999999,0
C10170,6307.09,2,8,4,United Kingdom,3153.545,292,2,6307.09,2
C10171,7636.52,2,9,4,Portugal,3818.26,120,2,7636.52,0
C10173,12493.37,4,20,8,United Kingdom,3123.3425,28,4,12493.37,1
C10174,5751.19,1,12,6,France,5751.19,38,1,5751.19,0
C10175,8823.42,1,8,4,France,8823.42,305,1,8823.42,2
C10176,12657.79,2,16,7,United Kingdom,6328.895,280,2,12657.79,2
C10177,12046.929999999998,4,14,8,United Kingdom,3011.7324999999996,11,4,12046.929999999998,1
C10178,443.0,1,1,1,United Kingdom,443.0,3,1,443.0,0
C10179,3938.58,1,6,3,United Kingdom,3938.58,274,1,3938.58,2
C10180,31548.2,5,78,11,United Kingdom,6309.64,71,5,31548.2,1
C10181,5244.82,3,13,4,Germany,1748.2733333333333,16,3,5244.82,0
C10182,9261.04,3,19,7,India,3087.013333333334,35,3,9261.04,0
C10184,1387.52,2,5,3,United Kingdom,693.76,82,2,1387.52,0
C10185,22008.440000000002,2,23,9,United Kingdom,11004.220000000001,103,2,22008.440000000002,0
C10186,3857.17,1,3,2,United Kingdom,3857.17,94,1,3857.17,0
C10187,19584.760000000002,1,16,5,Netherlands,19584.760000000002,221,1,19584.760000000002,2
C10189,5657.96,2,16,5,United Kingdom,2828.98,198,2,5657.96,2
C10190,1535.6,1,5,1,United Kingdom,1535.6,72,1,1535.6,0
C10191,2783.79,2,3,2,United Kingdom,1391.895,105,2,2783.79,0
C10193,13843.78,1,14,5,United Kingdom,13843.78,125,1,13843.78,0
C10195,32734.32,3,37,10,United Kingdom,10911.44,46,3,32734.32,1
C10197,923.44,1,1,1,United Kingdom,923.44,231,1,923.44,2
C10198,2389.98,1,3,2,United Kingdom,2389.98,175,1,2389.98,2
C10199,23013.53,2,31,9,Singapore,11506.765,236,2,23013.53,2
C10200,18445.02,2,22,7,EIRE,9222.51,111,2,18445.02,0
C10201,8557.65,2,15,4,Australia,4278.825,192,2,8557.65,2
C10202,10506.64,1,12,5,Spain,10506.64,132,1,10506.64,0
C10204,29003.38,4,58,13,United Kingdom,7250.845,225,4,29003.38,1
C10205,39422.36,5,31,10,United Kingdom,7884.472,5,5,39422.36,1
C10206,17811.54,1,14,8,United Kingdom,17811.54,96,1,17811.54,0
C10207,5613.77,2,11,2,United Kingdom,2806.885,37,2,5613.77,0
C10208,5442.9,2,7,4,United Kingdom,2721.45,99,2,5442.9,0
C10211,20348.199999999997,1,22,3,United Kingdom,20348.199999999997,42,1,20348.199999999997,0
C10212,15503.91,2,24,3,France,7751.955,50,2,15503.91,0
C10213,2205.75,1,5,2,United Kingdom,2205.75,116,1,2205.75,0
C10214,38228.97,2,25,4,United Kingdom,19114.485,44,2,38228.97,1
C10215,8746.57,1,9,4,Australia,8746.57,126,1,8746.57,0
C10218,18165.600000000002,1,15,2,Germany,18165.600000000002,87,1,18165.600000000002,0
C10219,1164.68,1,1,1,United Kingdom,1164.68,277,1,1164.68,2
C10220,18341.97,3,26,9,United Kingdom,6113.990000000001,170,3,18341.97,1
C10221,1149.56,1,4,1,Australia,1149.56,39,1,1149.56,0
C10222,5613.89,4,8,4,United Kingdom,1403.4725,6,4,5613.89,0
C10223,835.54,1,1,1,United Kingdom,835.54,297,1,835.54,2
C10224,23057.61,3,31,8,Germany,7685.87,69,3,23057.61,1
C10225,15509.28,1,12,1,United Kingdom,15509.28,107,1,15509.28,0
C10226,3520.93,1,10,5,India,3520.93,143,1,3520.93,2
C10227,12191.85,2,19,5,United Kingdom,6095.925,158,2,12191.85,2
C10228,9557.48,2,14,6,EIRE,4778.74,218,2,9557.48,2
C10229,1477.06,1,4,2,United Kingdom,1477.06,29,1,1477.06,0
C10231,21691.38,1,21,2,United Kingdom,21691.38,284,1,21691.38,2
C10232,5511.09,2,10,5,United Kingdom,2755.545,181,2,5511.09,2
C10234,28097.69,3,27,7,India,9365.896666666666,201,3,28097.69,1
C10235,17401.55,2,30,6,United Kingdom,8700.775,37,2,17401.55,0
C10236,5509.54,1,7,3,United Kingdom,5509.54,57,1,5509.54,0
C10237,44009.159999999996,3,33,9,Netherlands,14669.72,25,3,44009.159999999996,1
C10238,13454.48,3,18,7,United Kingdom,4484.826666666667,110,3,13454.48,0
C10240,28266.57,4,35,8,India,7066.6425,1,4,28266.57,1
C10241,929.21,1,2,2,United Kingdom,929.21,298,1,929.21,2
C10242,5875.1,1,17,3,India,5875.1,146,1,5875.1,2
C10243,16139.220000000001,2,12,2,United Kingdom,8069.610000000001,107,2,16139.220000000001,0
C10244,20334.0,2,14,5,Portugal,10167.0,170,2,20334.0,2
C10245,13951.369999999999,2,19,7,United Kingdom,6975.6849999999995,68,2,13951.369999999999,0
C10247,7559.08,2,17,4,United Kingdom,3779.54,32,2,7559.08,0
C10248,79880.85,2,64,6,United Kingdom,39940.425,86,2,79880.85,1
C10249,10023.76,4,22,7,India,2505.94,47,4,10023.76,1
C10250,9053.52,1,9,3,United Kingdom,9053.52,215,1,9053.52,2
C10251,9444.32,1,7,4,United Kingdom,9444.32,10,1,9444.32,0
C10253,851.57,1,1,1,United Kingdom,851.57,135,1,851.57,2
C10254,3204.58,1,8,4,United Kingdom,3204.58,90,1,3204.58,0
C10255,13475.36,3,21,6,Singapore,4491.786666666667,76,3,13475.36,0
C10256,5844.3099999999995,2,15,6,Singapore,2922.1549999999997,314,2,5844.3099999999995,2
C10258,18889.28,3,18,4,United Kingdom,6296.426666666666,61,3,18889.28,1
C10259,2159.0,1,2,1,United Kingdom,2159.0,299,1,2159.0,2
C10260,4310.13,1,7,3,Portugal,4310.13,31,1,4310.13,0
C10261,9931.33,3,22,6,Netherlands,3310.443333333333,79,3,9931.33,0
C10262,42550.77,5,52,13,Netherlands,8510.153999999999,102,5,42550.77,1
C10264,3510.63,1,4,2,United Kingdom,3510.63,293,1,3510.63,2
C10265,3734.69,1,3,2,EIRE,3734.69,137,1,3734.69,2
C10266,17676.51,3,27,9,India,5892.169999999999,110,3,17676.51,1
C10268,29904.79,3,35,6,Canada,9968.263333333334,42,3,29904.79,1
C10269,21113.43,2,27,5,India,10556.715,15,2,21113.43,0
C10270,8311.94,2,12,5,United Kingdom,4155.97,91,2,8311.94,0
C10271,1734.65,1,5,2,France,1734.65,40,1,1734.65,0
C10273,11482.859999999999,2,10,3,India,5741.429999999999,120,2,11482.859999999999,0
C10275,29221.98,1,41,8,United Kingdom,29221.98,289,1,29221.98,2
C10276,7134.7699999999995,1,15,4,United Kingdom,7134.7699999999995,237,1,7134.7699999999995,2
C10277,3237.4300000000003,1,3,2,United Kingdom,3237.4300000000003,115,1,3237.4300000000003,0
C10278,3893.95,2,9,3,United Kingdom,1946.975,79,2,3893.95,0
C10279,3714.16,2,10,4,United Kingdom,1857.08,212,2,3714.16,2
C10280,19932.81,4,27,9,India,4983.2025,38,4,19932.81,1
C10281,12085.34,3,25,11,Germany,4028.4466666666667,284,3,12085.34,2
C10282,11544.34,1,11,5,United Kingdom,11544.34,136,1,11544.34,0
C10283,1472.83,1,3,3,India,1472.83,285,1,1472.83,2
C10284,9184.32,1,14,6,United Kingdom,9184.32,198,1,9184.32,2
C10285,10454.03,2,11,7,United Kingdom,5227.015,19,2,10454.03,0
C10286,15401.88,3,34,10,Spain,5133.96,84,3,15401.88,0
C10287,13356.83,1,9,2,EIRE,13356.83,118,1,13356.83,0
C10288,45549.990000000005,2,56,11,United Kingdom,22774.995000000003,80,2,45549.990000000005,1
C10289,32308.660000000003,3,34,10,United Kingdom,10769.553333333335,184,3,32308.660000000003,1
C10291,14005.859999999999,2,21,6,United Kingdom,7002.929999999999,26,2,14005.859999999999,0
C10292,46169.9,4,40,12,France,11542.475,248,4,46169.9,1
C10293,4214.68,1,10,5,India,4214.68,68,1,4214.68,0
C10296,15708.57,3,33,10,United Kingdom,5236.19,30,3,15708.57,0
C10297,8138.740000000001,1,8,4,United Kingdom,8138.740000000001,199,1,8138.740000000001,2
C10299,1739.44,1,4,2,United Kingdom,1739.44,119,1,1739.44,0
C10301,5390.87,2,20,6,Spain,2695.435,167,2,5390.87,2
C10303,17091.07,3,19,9,EIRE,5697.0233333333335,143,3,17091.07,1
C10304,1853.98,1,6,2,India,1853.98,154,1,1853.98,2
C10305,12356.95,2,18,10,United Kingdom,6178.475,13,2,12356.95,0
C10306,36248.33,3,44,11,United Kingdom,12082.776666666667,99,3,36248.33,1
C10307,21837.879999999997,2,27,9,United Kingdom,10918.939999999999,28,2,21837.879999999997,0
C10309,4310.2699999999995,2,7,4,France,2155.1349999999998,269,2,4310.2699999999995,2
C10310,4883.06,1,3,2,Netherlands,4883.06,191,1,4883.06,2
C10311,7170.49,2,17,6,Netherlands,3585.245,2,2,7170.49,0
C10312,21743.55,2,21,8,United Kingdom,10871.775,19,2,21743.55,0
C10313,3206.66,1,7,4,United Kingdom,3206.66,2,1,3206.66,0
C10314,9400.18,3,19,8,United Kingdom,3133.3933333333334,24,3,9400.18,0
C10315,11085.28,2,12,7,France,5542.64,104,2,11085.28,0
C10316,6482.29,3,7,3,Netherlands,2160.7633333333333,2,3,6482.29,0
C10318,10848.21,2,16,5,India,5424.105,68,2,10848.21,0
C10319,12500.93,2,20,6,United Kingdom,6250.465,88,2,12500.93,0
C10320,8666.9,2,7,4,Spain,4333.45,18,2,8666.9,0
C10321,5850.08,1,8,3,Netherlands,5850.08,130,1,5850.08,0
C10323,5743.25,2,7,2,France,2871.625,5,2,5743.25,0
C10324,1722.4699999999998,1,3,2,Netherlands,1722.4699999999998,32,1,1722.4699999999998,0
C10326,12759.439999999999,2,12,4,Germany,6379.719999999999,62,2,12759.439999999999,0
C10327,32933.450000000004,2,75,4,United Kingdom,16466.725000000002,29,2,32933.450000000004,1
C10328,4305.7,2,6,3,Portugal,2152.85,90,2,4305.7,0
C10330,29557.33,2,44,6,Netherlands,14778.665,4,2,29557.33,1
C10331,19510.489999999998,2,39,9,France,9755.244999999999,262,2,19510.489999999998,2
C10332,11069.29,3,17,6,United Kingdom,3689.763333333334,33,3,11069.29,0
C10333,16511.56,3,26,6,France,5503.8533333333335,96,3,16511.56,1
C10336,4321.59,1,7,2,EIRE,4321.59,133,1,4321.59,0
C10337,4846.74,1,5,3,United Kingdom,4846.74,263,1,4846.74,2
C10338,8733.24,2,12,5,France,4366.62,17,2,8733.24,0
C10339,30611.48,2,35,11,United Kingdom,15305.74,212,2,30611.48,2
C10340,19954.26,2,18,6,United Kingdom,9977.13,103,2,19954.26,0
C10341,1461.93,1,3,1,France,1461.93,73,1,1461.93,0
C10342,17778.86,2,24,9,United Kingdom,8889.43,53,2,17778.86,0
C10346,1692.5700000000002,1,3,1,Netherlands,1692.5700000000002,316,1,1692.5700000000002,2
C10347,9251.99,3,15,7,Australia,3083.9966666666664,127,3,9251.99,0
C10348,5432.18,1,2,1,United Kingdom,5432.18,215,1,5432.18,2
C10349,455.98,1,2,1,India,455.98,248,1,455.98,2
C10350,11488.82,2,15,5,United Kingdom,5744.41,55,2,11488.82,0
C10352,9468.44,2,18,7,United Kingdom,4734.22,115,2,9468.44,0
C10354,13940.76,2,27,6,United Kingdom,6970.38,33,2,13940.76,0
C10355,18045.45,2,19,5,Canada,9022.725,181,2,18045.45,2
C10356,27577.940000000002,2,17,5,United Kingdom,13788.970000000001,144,2,27577.940000000002,1
C10357,8651.6,2,17,6,Australia,4325.8,109,2,8651.6,0
C10358,1310.83,1,2,2,United Kingdom,1310.83,189,1,1310.83,2
C10359,7503.71,1,9,4,United Kingdom,7503.71,178,1,7503.71,2
C10360,3640.2200000000003,3,9,5,United Kingdom,1213.4066666666668,7,3,3640.2200000000003,0
C10361,7920.9400000000005,1,14,5,Germany,7920.9400000000005,191,1,7920.9400000000005,2
C10362,39581.62,5,48,15,United Kingdom,7916.3240000000005,18,5,39581.62,1
C10363,5740.780000000001,1,14,4,India,5740.780000000001,274,1,5740.780000000001,2
C10364,1019.29,1,4,2,United Kingdom,1019.29,255,1,1019.29,2
C10366,10803.82,1,12,4,United Kingdom,10803.82,289,1,10803.82,2
C10367,5279.21,1,7,3,United Kingdom,5279.21,69,1,5279.21,0
C10368,35623.35,5,87,9,India,7124.67,42,5,35623.35,1
C10369,1373.3500000000001,1,5,2,United Kingdom,1373.3500000000001,136,1,1373.3500000000001,2
C10370,4030.11,1,9,3,Spain,4030.11,153,1,4030.11,2
C10371,9236.33,2,16,6,United Kingdom,4618.165,305,2,9236.33,2
C10372,5179.77,1,6,2,Germany,5179.77,282,1,5179.77,2
C10373,5072.43,2,7,3,Germany,2536.215,66,2,5072.43,0
C10374,8284.79,2,17,3,India,4142.395,170,2,8284.79,2
C10375,13597.82,2,19,7,United Kingdom,6798.91,77,2,13597.82,0
C10376,6863.82,1,12,6,United Kingdom,6863.82,127,1,6863.82,0
C10377,18916.7,3,32,9,India,6305.566666666667,148,3,18916.7,1
C10378,9415.220000000001,2,13,6,United Kingdom,4707.610000000001,140,2,9415.220000000001,0
C10379,45014.229999999996,4,36,12,United Kingdom,11253.557499999999,59,4,45014.229999999996,1
C10380,13747.86,3,14,7,EIRE,4582.62,11,3,13747.86,0
C10382,271.04,1,1,1,United Kingdom,271.04,301,1,271.04,2
C10383,55774.29,2,51,10,United Kingdom,27887.145,21,2,55774.29,1
C10384,3778.57,2,5,2,United Kingdom,1889.285,21,2,3778.57,0
C10385,17919.420000000002,4,18,8,United Kingdom,4479.8550000000005,37,4,17919.420000000002,1
C10386,20323.98,3,26,4,United Kingdom,6774.66,24,3,20323.98,1
C10387,6753.3,1,9,5,United Kingdom,6753.3,119,1,6753.3,0
C10388,7751.0599999999995,1,14,2,United Kingdom,7751.0599999999995,292,1,7751.0599999999995,2
C10390,3886.65,1,5,1,India,3886.65,159,1,3886.65,2
C10391,59477.060000000005,2,41,9,Spain,29738.530000000002,126,2,59477.060000000005,1
C10393,10952.32,2,14,5,United Kingdom,5476.16,182,2,10952.32,2
C10394,11515.34,1,8,2,United Kingdom,11515.34,70,1,11515.34,0
C10395,704.8299999999999,1,2,2,United Kingdom,704.8299999999999,40,1,704.8299999999999,0
C10396,5255.64,1,6,1,United Kingdom,5255.64,328,1,5255.64,2
C10397,4347.0,1,12,1,United Kingdom,4347.0,167,1,4347.0,2
C10398,7686.5,1,10,1,United Kingdom,7686.5,164,1,7686.5,2
C10399,26212.26,5,38,10,India,5242.451999999999,110,5,26212.26,1
C10400,2664.31,1,8,3,United Kingdom,2664.31,230,1,2664.31,2
C10401,5131.22,1,5,2,United Kingdom,5131.22,101,1,5131.22,0
C10402,5864.200000000001,2,14,6,United Kingdom,2932.1000000000004,234,2,5864.200000000001,2
C10403,24679.97,5,39,8,United Kingdom,4935.994000000001,93,5,24679.97,1
C10404,51588.92,5,75,15,Spain,10317.784,61,5,51588.92,1
C10406,2822.84,1,4,2,United Kingdom,2822.84,15,1,2822.84,0
C10407,25509.71,5,24,12,United Kingdom,5101.942,81,5,25509.71,1
C10409,7781.049999999999,1,13,5,India,7781.049999999999,294,1,7781.049999999999,2
C10410,6449.69,1,5,2,United Kingdom,6449.69,229,1,6449.69,2
C10411,13261.78,1,18,5,France,13261.78,63,1,13261.78,0
C10412,43513.82,5,40,9,Germany,8702.764,90,5,43513.82,1
C10413,22026.28,4,21,7,India,5506.57,7,4,22026.28,1
C10416,34106.08,5,49,14,United Kingdom,6821.216,30,5,34106.08,1
C10417,5757.07,2,12,3,United Kingdom,2878.535,51,2,5757.07,0
C10418,15989.53,2,31,7,United Kingdom,7994.765,147,2,15989.53,0
C10419,28844.24,4,35,9,EIRE,7211.06,73,4,28844.24,1
C10420,6890.21,1,11,2,United Kingdom,6890.21,234,1,6890.21,2
C10421,8080.17,1,9,3,United Kingdom,8080.17,191,1,8080.17,2
C10422,20290.09,3,29,8,India,6763.363333333334,42,3,20290.09,1
C10423,8149.86,3,14,5,United Kingdom,2716.62,234,3,8149.86,2
C10424,11861.48,2,8,3,India,5930.74,194,2,11861.48,2
C10425,2193.06,1,3,1,United Kingdom,2193.06,47,1,2193.06,0
C10426,5443.17,2,4,4,United Kingdom,2721.585,79,2,5443.17,0
C10428,1335.7,1,4,2,United Kingdom,1335.7,235,1,1335.7,2
C10429,2981.63,2,7,3,Germany,1490.815,26,2,2981.63,0
C10430,2529.79,2,6,3,France,1264.895,83,2,2529.79,0
C10431,1401.3899999999999,1,6,2,United Kingdom,1401.3899999999999,280,1,1401.3899999999999,2
C10432,2653.7200000000003,1,4,2,United Kingdom,2653.7200000000003,239,1,2653.7200000000003,2
C10433,3511.71,2,3,2,United Kingdom,1755.855,131,2,3511.71,0
C10435,28948.01,3,40,7,United Kingdom,9649.336666666666,70,3,28948.01,1
C10436,2705.15,1,9,2,United Kingdom,2705.15,115,1,2705.15,0
C10437,23879.510000000002,3,75,11,United Kingdom,7959.836666666667,264,3,23879.510000000002,2
C10438,5964.57,3,11,4,EIRE,1988.1899999999998,50,3,5964.57,0
C10439,9436.18,2,20,6,United Kingdom,4718.09,273,2,9436.18,2
C10440,7407.2,3,19,8,France,2469.0666666666666,50,3,7407.2,0
C10441,5264.360000000001,1,8,2,India,5264.360000000001,198,1,5264.360000000001,2
C10442,12402.699999999999,2,14,8,Canada,6201.349999999999,103,2,12402.699999999999,0
C10445,16807.61,4,35,8,Netherlands,4201.9025,57,4,16807.61,1
C10446,4272.34,2,16,3,India,2136.17,37,2,4272.34,0
C10447,18954.88,2,28,9,Germany,9477.44,48,2,18954.88,0
C10448,2683.44,1,4,1,United Kingdom,2683.44,133,1,2683.44,0
C10449,11574.48,3,23,7,EIRE,3858.16,82,3,11574.48,0
C10450,19304.76,1,10,2,United Kingdom,19304.76,117,1,19304.76,0
C10451,4074.1200000000003,1,5,2,Netherlands,4074.1200000000003,98,1,4074.1200000000003,0
C10452,22883.69,3,27,8,Germany,7627.8966666666665,98,3,22883.69,1
C10453,3194.5200000000004,1,10,4,United Kingdom,3194.5200000000004,2,1,3194.5200000000004,0
C10454,16295.23,3,16,7,United Kingdom,5431.743333333333,201,3,16295.23,2
C10455,29133.94,2,36,8,United Kingdom,14566.97,144,2,29133.94,1
C10456,5270.35,2,9,3,India,2635.175,210,2,5270.35,2
C10457,14537.21,2,18,6,Germany,7268.605,147,2,14537.21,0
C10458,15325.02,3,29,6,United Kingdom,5108.34,90,3,15325.02,0
C10460,31889.95,7,43,14,United Kingdom,4555.707142857143,5,7,31889.95,1
C10461,22851.14,4,33,9,United Kingdom,5712.785,28,4,22851.14,1
C10462,11541.15,2,17,8,United Kingdom,5770.575,173,2,11541.15,2
C10464,559.92,1,1,1,United Kingdom,559.92,254,1,559.92,2
C10465,6530.26,1,13,5,United Kingdom,6530.26,251,1,6530.26,2
C10466,7289.400000000001,2,9,4,United Kingdom,3644.7000000000003,47,2,7289.400000000001,0
C10467,533.46,1,1,1,United Kingdom,533.46,34,1,533.46,0
C10468,18005.9,4,23,10,India,4501.475,28,4,18005.9,1
C10469,25102.22,3,37,12,India,8367.406666666668,152,3,25102.22,1
C10470,5281.51,2,10,4,United Kingdom,2640.755,58,2,5281.51,0
C10472,31476.42,3,28,9,United Kingdom,10492.14,100,3,31476.42,1
C10473,15412.0,2,14,5,United Kingdom,7706.0,1,2,15412.0,0
C10474,30190.92,3,30,9,United Kingdom,10063.64,47,3,30190.92,1
C10475,30997.710000000003,2,22,7,United Kingdom,15498.855000000001,228,2,30997.710000000003,2
C10476,4404.07,1,3,2,Spain,4404.07,302,1,4404.07,2
C10477,817.29,1,2,2,India,817.29,197,1,817.29,2
C10478,789.9300000000001,1,3,1,India,789.9300000000001,324,1,789.9300000000001,2
C10479,2112.17,1,5,3,EIRE,2112.17,7,1,2112.17,0
C10481,25663.0,3,27,7,United Kingdom,8554.333333333334,181,3,25663.0,1
C10482,4036.01,1,7,3,United Kingdom,4036.01,73,1,4036.01,0
C10483,1770.87,1,3,2,United Kingdom,1770.87,145,1,1770.87,2
C10485,53912.82,5,45,9,EIRE,10782.564,131,5,53912.82,1
C10486,5792.469999999999,2,15,6,Australia,2896.2349999999997,117,2,5792.469999999999,0
C10488,8142.42,2,20,5,Germany,4071.21,73,2,8142.42,0
C10489,73697.70999999999,2,89,7,United Kingdom,36848.854999999996,84,2,73697.70999999999,1
C10490,1315.92,1,6,1,India,1315.92,323,1,1315.92,2
C10491,5913.38,3,6,5,United Kingdom,1971.1266666666668,126,3,5913.38,0
C10492,7612.15,2,17,4,United Kingdom,3806.075,116,2,7612.15,0
C10493,19450.370000000003,2,25,7,United Kingdom,9725.185000000001,208,2,19450.370000000003,2
C10494,7955.540000000001,3,23,6,United Kingdom,2651.846666666667,28,3,7955.540000000001,0
C10495,11123.48,1,8,4,United Kingdom,11123.48,116,1,11123.48,0
C10496,32267.01,3,37,7,India,10755.67,1,3,32267.01,1
C10497,921.8799999999999,2,2,2,United Kingdom,460.93999999999994,17,2,921.8799999999999,0
C10500,10223.95,3,21,9,United Kingdom,3407.9833333333336,24,3,10223.95,0
C10501,12533.15,3,18,9,India,4177.716666666666,31,3,12533.15,0
C10502,32646.529999999995,1,30,6,United Kingdom,32646.529999999995,113,1,32646.529999999995,0
C10503,28211.04,2,16,3,United Kingdom,14105.52,54,2,28211.04,1
C10504,16255.410000000002,2,28,8,United Kingdom,8127.705000000001,78,2,16255.410000000002,0
C10505,12221.84,1,7,3,United Kingdom,12221.84,54,1,12221.84,0
C10507,22423.809999999998,2,25,8,United Kingdom,11211.904999999999,122,2,22423.809999999998,0
C10508,10291.05,2,15,4,United Kingdom,5145.525,62,2,10291.05,0
C10509,11664.34,4,24,8,United Kingdom,2916.085,98,4,11664.34,1
C10510,5071.72,1,5,2,United Kingdom,5071.72,200,1,5071.72,2
C10511,6001.27,1,11,5,United Kingdom,6001.27,239,1,6001.27,2
C10512,4634.0,1,10,1,United Kingdom,4634.0,110,1,4634.0,0
C10514,8815.22,1,16,4,United Kingdom,8815.22,276,1,8815.22,2
C10515,3096.3300000000004,2,6,3,Germany,1548.1650000000002,110,2,3096.3300000000004,0
C10516,216.04,1,1,1,EIRE,216.04,31,1,216.04,0
C10517,3565.58,1,11,4,United Kingdom,3565.58,254,1,3565.58,2
C10518,12829.86,2,18,8,United Kingdom,6414.93,156,2,12829.86,2
C10520,4788.7,2,15,3,United Kingdom,2394.35,152,2,4788.7,2
C10521,12498.7,2,16,7,Singapore,6249.35,72,2,12498.7,0
C10522,8018.3,2,11,4,United Kingdom,4009.15,50,2,8018.3,0
C10523,17657.199999999997,1,9,3,India,17657.199999999997,47,1,17657.199999999997,0
C10524,9991.27,2,10,4,France,4995.635,213,2,9991.27,2
C10526,2350.45,1,6,3,Germany,2350.45,199,1,2350.45,2
C10527,747.97,1,1,1,Portugal,747.97,231,1,747.97,2
C10529,2239.62,1,4,2,United Kingdom,2239.62,140,1,2239.62,2
C10530,18288.06,2,15,3,United Kingdom,9144.03,259,2,18288.06,2
C10532,3589.09,2,7,4,India,1794.545,155,2,3589.09,2
C10533,11163.15,3,18,7,United Kingdom,3721.0499999999997,206,3,11163.15,2
C10536,19187.03,4,38,10,Germany,4796.7575,55,4,19187.03,1
C10537,8988.49,2,15,7,United Kingdom,4494.245,124,2,8988.49,0
C10538,20217.36,3,15,8,India,6739.12,92,3,20217.36,1
C10539,16901.510000000002,3,21,9,Germany,5633.836666666667,138,3,16901.510000000002,1
C10540,16518.72,1,18,8,United Kingdom,16518.72,134,1,16518.72,0
C10541,2875.29,1,3,2,France,2875.29,184,1,2875.29,2
C10542,3483.23,1,10,4,Australia,3483.23,287,1,3483.23,2
C10543,10128.66,2,16,7,United Kingdom,5064.33,5,2,10128.66,0
C10544,7916.12,2,8,3,United Kingdom,3958.06,176,2,7916.12,2
C10545,5076.05,2,13,6,United Kingdom,2538.025,64,2,5076.05,0
C10546,2503.1800000000003,2,3,3,India,1251.5900000000001,161,2,2503.1800000000003,2
C10547,6005.68,1,4,1,Australia,6005.68,222,1,6005.68,2
C10548,11800.5,1,14,4,United Kingdom,11800.5,218,1,11800.5,2
C10549,16242.36,1,7,2,Germany,16242.36,3,1,16242.36,0
C10552,2260.38,1,3,1,India,2260.38,223,1,2260.38,2
C10554,17711.42,2,11,3,France,8855.71,136,2,17711.42,0
C10555,2474.5600000000004,2,6,4,EIRE,1237.2800000000002,124,2,2474.5600000000004,0
C10556,6653.21,2,16,5,India,3326.605,5,2,6653.21,0
C10557,2326.25,1,5,1,United Kingdom,2326.25,273,1,2326.25,2
C10558,10903.060000000001,2,11,6,Canada,5451.530000000001,234,2,10903.060000000001,2
C10559,8573.49,1,13,5,France,8573.49,132,1,8573.49,0
C10560,11202.77,2,21,9,United Kingdom,5601.385,94,2,11202.77,0
C10561,11235.74,2,19,10,United Kingdom,5617.87,241,2,11235.74,2
C10562,2428.23,2,6,4,United Kingdom,1214.115,42,2,2428.23,0
C10564,1160.8,1,2,1,United Kingdom,1160.8,298,1,1160.8,2
C10566,22534.370000000003,3,37,8,EIRE,7511.456666666668,121,3,22534.370000000003,1
C10567,40718.62,3,44,11,United Kingdom,13572.873333333335,47,3,40718.62,1
C10568,6042.469999999999,1,9,3,Australia,6042.469999999999,22,1,6042.469999999999,0
C10569,7419.84,2,14,5,India,3709.92,216,2,7419.84,2
C10571,11321.96,2,16,4,India,5660.98,50,2,11321.96,0
C10572,8703.39,1,13,6,United Kingdom,8703.39,211,1,8703.39,2
C10573,7763.52,2,23,5,Germany,3881.76,258,2,7763.52,2
C10574,3535.92,1,10,3,Australia,3535.92,59,1,3535.92,0
C10575,316.79,1,1,1,United Kingdom,316.79,124,1,316.79,0
C10577,37793.51,3,41,7,United Kingdom,12597.836666666668,55,3,37793.51,1
C10578,823.9,1,2,1,United Kingdom,823.9,4,1,823.9,0
C10579,13689.66,3,20,9,United Kingdom,4563.22,15,3,13689.66,0
C10580,16123.3,3,18,6,Germany,5374.433333333333,62,3,16123.3,0
C10581,2022.72,1,4,2,United Kingdom,2022.72,271,1,2022.72,2
C10583,20364.16,2,22,8,EIRE,10182.08,116,2,20364.16,0
C10584,11195.31,2,20,3,United Kingdom,5597.655,289,2,11195.31,2
C10585,24403.31,4,28,11,Netherlands,6100.8275,147,4,24403.31,1
C10586,9831.650000000001,2,14,5,United Kingdom,4915.825000000001,1,2,9831.650000000001,0
C10587,22423.31,4,30,11,United Kingdom,5605.8275,21,4,22423.31,1
C10588,26297.510000000002,2,21,9,India,13148.755000000001,122,2,26297.510000000002,0
C10589,8256.19,2,16,6,United Kingdom,4128.095,25,2,8256.19,0
C10590,13997.28,3,21,8,United Kingdom,4665.76,138,3,13997.28,0
C10591,3178.46,1,2,1,EIRE,3178.46,121,1,3178.46,0
C10592,21894.72,2,36,8,United Kingdom,10947.36,4,2,21894.72,0
C10593,951.8299999999999,1,3,2,United Kingdom,951.8299999999999,283,1,951.8299999999999,2
C10594,17787.68,3,21,7,France,5929.2266666666665,52,3,17787.68,1
C10595,3012.96,1,6,1,United Kingdom,3012.96,270,1,3012.96,2
C10597,23659.57,5,45,12,India,4731.914,8,5,23659.57,1
C10599,11057.29,1,15,5,United Kingdom,11057.29,39,1,11057.29,0
C10600,11099.289999999999,2,9,4,Portugal,5549.6449999999995,37,2,11099.289999999999,0
C10602,28947.46,2,35,8,Germany,14473.73,219,2,28947.46,2
C10603,27708.129999999997,5,39,9,United Kingdom,5541.625999999999,90,5,27708.129999999997,1
C10605,45612.03,4,52,12,India,11403.0075,61,4,45612.03,1
C10606,22697.19,2,33,10,India,11348.595,169,2,22697.19,2
C10609,34404.01,1,26,3,United Kingdom,34404.01,172,1,34404.01,2
C10610,11151.619999999999,2,20,5,United Kingdom,5575.8099999999995,61,2,11151.619999999999,0
C10611,1204.75,1,4,3,India,1204.75,184,1,1204.75,2
C10612,51759.590000000004,2,41,7,United Kingdom,25879.795000000002,64,2,51759.590000000004,1
C10613,14012.22,2,12,4,India,7006.11,164,2,14012.22,2
C10614,2624.84,1,2,1,United Kingdom,2624.84,252,1,2624.84,2
C10617,4597.21,1,6,2,Germany,4597.21,92,1,4597.21,0
C10618,9899.71,2,12,5,United Kingdom,4949.855,134,2,9899.71,0
C10619,15189.26,4,23,10,India,3797.315,67,4,15189.26,1
C10620,14346.380000000001,3,18,6,United Kingdom,4782.126666666667,37,3,14346.380000000001,0
C10621,3440.1299999999997,2,5,2,United Kingdom,1720.0649999999998,29,2,3440.1299999999997,0
C10622,5035.1,2,3,2,United Kingdom,2517.55,125,2,5035.1,0
C10625,2195.46,1,3,1,United Kingdom,2195.46,305,1,2195.46,2
C10627,3921.41,2,9,3,United Kingdom,1960.705,11,2,3921.41,0
C10628,8265.47,2,13,4,United Kingdom,4132.735,186,2,8265.47,2
C10629,9044.6,2,20,7,United Kingdom,4522.3,106,2,9044.6,0
C10631,6982.46,1,12,4,Canada,6982.46,290,1,6982.46,2
C10633,1877.6799999999998,1,3,2,United Kingdom,1877.6799999999998,113,1,1877.6799999999998,0
C10634,9365.130000000001,4,16,7,United Kingdom,2341.2825000000003,128,4,9365.130000000001,1
C10635,8138.509999999999,1,9,4,United Kingdom,8138.509999999999,72,1,8138.509999999999,0
C10636,11925.45,2,17,4,United Kingdom,5962.725,114,2,11925.45,0
C10637,11912.73,2,34,8,United Kingdom,5956.365,15,2,11912.73,0
C10638,2815.45,1,3,2,United Kingdom,2815.45,158,1,2815.45,2
C10639,11554.95,2,9,5,United Kingdom,5777.475,132,2,11554.95,0
C10641,29436.83,2,26,6,Canada,14718.415,198,2,29436.83,2
C10642,22688.54,4,29,8,United Kingdom,5672.135,57,4,22688.54,1
C10643,11913.41,2,19,6,India,5956.705,66,2,11913.41,0
C10644,581.6700000000001,1,2,2,United Kingdom,581.6700000000001,109,1,581.6700000000001,0
C10645,12384.02,1,14,3,Netherlands,12384.02,300,1,12384.02,2
C10646,8776.39,1,13,3,United Kingdom,8776.39,156,1,8776.39,2
C10647,24087.78,3,29,10,Netherlands,8029.259999999999,38,3,24087.78,1
C10648,2049.04,1,2,1,United Kingdom,2049.04,161,1,2049.04,2
C10649,8806.84,2,11,5,United Kingdom,4403.42,135,2,8806.84,0
C10650,1019.5899999999999,1,3,2,United Kingdom,1019.5899999999999,181,1,1019.5899999999999,2
C10651,550.93,1,2,2,United Kingdom,550.93,85,1,550.93,0
C10652,21540.66,3,36,8,United Kingdom,7180.22,264,3,21540.66,2
C10653,3068.79,1,3,1,Portugal,3068.79,177,1,3068.79,2
C10655,4572.67,1,7,4,EIRE,4572.67,307,1,4572.67,2
C10656,13548.64,1,7,3,United Kingdom,13548.64,4,1,13548.64,0
C10657,19219.48,4,23,8,United Kingdom,4804.87,12,4,19219.48,1
C10658,21806.7,3,35,9,India,7268.900000000001,80,3,21806.7,1
C10659,8066.95,1,13,6,United Kingdom,8066.95,247,1,8066.95,2
C10661,9862.67,2,15,5,United Kingdom,4931.335,135,2,9862.67,0
C10662,17239.74,4,20,10,United Kingdom,4309.935,69,4,17239.74,1
C10663,36501.4,3,34,9,Singapore,12167.133333333333,166,3,36501.4,1
C10664,30239.0,3,41,13,United Kingdom,10079.666666666666,45,3,30239.0,1
C10666,10641.08,2,12,3,India,5320.54,106,2,10641.08,0
C10668,11873.220000000001,2,15,6,United Kingdom,5936.610000000001,192,2,11873.220000000001,2
C10669,5357.17,2,9,3,United Kingdom,2678.585,20,2,5357.17,0
C10672,19608.21,1,10,3,Netherlands,19608.21,304,1,19608.21,2
C10673,28776.49,3,38,10,Singapore,9592.163333333334,97,3,28776.49,1
C10676,7697.97,4,17,9,India,1924.4925,70,4,7697.97,1
C10677,4460.610000000001,2,13,4,Germany,2230.3050000000003,41,2,4460.610000000001,0
C10679,24396.660000000003,2,25,7,United Kingdom,12198.330000000002,149,2,24396.660000000003,0
C10683,17322.16,2,23,7,United Kingdom,8661.08,139,2,17322.16,0
C10684,116064.96000000002,2,52,2,United Kingdom,58032.48000000001,76,2,116064.96000000002,1
C10686,12571.329999999998,2,16,4,United Kingdom,6285.664999999999,99,2,12571.329999999998,0
C10687,24633.129999999997,2,25,5,India,12316.564999999999,11,2,24633.129999999997,0
C10688,9695.630000000001,2,11,4,United Kingdom,4847.8150000000005,161,2,9695.630000000001,2
C10689,11400.2,3,18,6,United Kingdom,3800.066666666667,117,3,11400.2,0
C10690,18387.940000000002,3,25,9,India,6129.313333333334,22,3,18387.940000000002,1
C10692,4960.32,1,14,2,United Kingdom,4960.32,299,1,4960.32,2
C10696,34978.41,5,47,14,India,6995.682000000001,143,5,34978.41,1
C10697,11496.880000000001,1,24,3,India,11496.880000000001,148,1,11496.880000000001,2
C10698,1071.48,1,6,2,Portugal,1071.48,128,1,1071.48,0
C10699,2450.29,1,3,3,United Kingdom,2450.29,184,1,2450.29,2
C10701,6678.049999999999,2,28,5,India,3339.0249999999996,163,2,6678.049999999999,2
C10703,15175.39,2,18,6,EIRE,7587.695,15,2,15175.39,0
C10704,8348.35,3,9,4,United Kingdom,2782.7833333333333,48,3,8348.35,0
C10705,26828.41,2,28,8,United Kingdom,13414.205,48,2,26828.41,0
C10708,6731.86,1,10,4,United Kingdom,6731.86,227,1,6731.86,2
C10709,29757.68,3,38,11,United Kingdom,9919.226666666667,30,3,29757.68,1
C10710,51428.100000000006,4,52,11,United Kingdom,12857.025000000001,21,4,51428.100000000006,1
C10711,4705.72,2,8,5,India,2352.86,275,2,4705.72,2
C10712,1390.17,1,1,1,India,1390.17,229,1,1390.17,2
C10715,4807.2699999999995,2,7,4,United Kingdom,2403.6349999999998,128,2,4807.2699999999995,0
C10716,5683.76,1,4,1,United Kingdom,5683.76,136,1,5683.76,2
C10717,2634.8,1,6,2,United Kingdom,2634.8,44,1,2634.8,0
C10720,14105.25,3,21,10,United Kingdom,4701.75,70,3,14105.25,0
C10721,8297.21,1,5,3,United Kingdom,8297.21,117,1,8297.21,0
C10722,50076.1,2,38,11,Australia,25038.05,235,2,50076.1,1
C10724,9316.59,1,8,4,United Kingdom,9316.59,181,1,9316.59,2
C10725,58475.82,7,83,16,Australia,8353.68857142857,63,7,58475.82,1
C10726,6869.4,3,15,7,Singapore,2289.7999999999997,78,3,6869.4,0
C10727,29786.26,2,43,9,India,14893.13,9,2,29786.26,1
C10732,5970.639999999999,1,10,4,India,5970.639999999999,113,1,5970.639999999999,0
C10733,17340.149999999998,1,27,7,Spain,17340.149999999998,274,1,17340.149999999998,2
C10734,11988.82,3,24,10,United Kingdom,3996.273333333333,71,3,11988.82,0
C10735,24111.4,3,44,9,India,8037.133333333334,40,3,24111.4,1
C10736,17749.75,3,21,8,India,5916.583333333333,124,3,17749.75,1
C10737,10328.740000000002,1,14,7,United Kingdom,10328.740000000002,146,1,10328.740000000002,2
C10738,24838.989999999998,4,44,12,United Kingdom,6209.7474999999995,22,4,24838.989999999998,1
C10739,53240.09,5,60,15,United Kingdom,10648.018,70,5,53240.09,1
C10740,8313.900000000001,1,18,2,United Kingdom,8313.900000000001,141,1,8313.900000000001,2
C10741,11286.86,1,14,3,India,11286.86,117,1,11286.86,0
C10742,7221.88,1,14,4,EIRE,7221.88,227,1,7221.88,2
C10743,1363.08,1,4,1,United Kingdom,1363.08,170,1,1363.08,2
C10744,20528.29,4,20,6,India,5132.0725,124,4,20528.29,1
C10745,17365.39,1,20,6,United Kingdom,17365.39,44,1,17365.39,0
C10747,5699.16,2,5,3,France,2849.58,34,2,5699.16,0
C10748,9813.66,2,9,3,United Kingdom,4906.83,51,2,9813.66,0
C10749,2888.2,2,4,3,United Kingdom,1444.1,189,2,2888.2,2
C10751,7467.97,2,12,6,United Kingdom,3733.985,63,2,7467.97,0
C10752,12936.69,3,20,8,Canada,4312.2300000000005,33,3,12936.69,0
C10754,5791.58,1,6,2,United Kingdom,5791.58,1,1,5791.58,0
C10755,13405.66,3,15,5,Canada,4468.553333333333,27,3,13405.66,0
C10756,1544.13,2,3,3,India,772.065,167,2,1544.13,2
C10757,15159.38,2,25,7,United Kingdom,7579.69,64,2,15159.38,0
C10758,18665.01,2,30,10,United Kingdom,9332.505,20,2,18665.01,0
C10759,1782.79,2,5,2,United Kingdom,891.395,158,2,1782.79,2
C10760,36346.97,3,61,11,United Kingdom,12115.656666666668,109,3,36346.97,1
C10761,20364.72,3,33,9,Germany,6788.240000000001,76,3,20364.72,1
C10762,3509.8,1,10,1,India,3509.8,161,1,3509.8,2
C10763,3308.3100000000004,1,6,3,Germany,3308.3100000000004,313,1,3308.3100000000004,2
C10764,7635.92,2,19,7,United Kingdom,3817.96,108,2,7635.92,0
C10765,4027.15,2,8,6,United Kingdom,2013.575,25,2,4027.15,0
C10766,4945.45,1,9,3,Spain,4945.45,206,1,4945.45,2
C10767,991.4,1,1,1,United Kingdom,991.4,230,1,991.4,2
C10768,22047.12,2,18,5,India,11023.56,230,2,22047.12,2
C10769,19793.82,2,20,4,United Kingdom,9896.91,59,2,19793.82,0
C10770,26441.8,4,38,13,Canada,6610.45,127,4,26441.8,1
C10771,18152.49,1,27,8,India,18152.49,252,1,18152.49,2
C10772,151.94,1,1,1,United Kingdom,151.94,225,1,151.94,2
C10773,37697.55,4,42,11,United Kingdom,9424.3875,123,4,37697.55,1
C10774,7397.5,1,6,2,United Kingdom,7397.5,184,1,7397.5,2
C10775,14303.2,3,31,7,United Kingdom,4767.733333333334,45,3,14303.2,0
C10776,33181.97,3,45,10,United Kingdom,11060.656666666668,29,3,33181.97,1
C10777,31554.68,3,25,9,Singapore,10518.226666666667,168,3,31554.68,1
C10778,29351.39,2,23,7,Spain,14675.695,66,2,29351.39,1
C10779,1168.18,1,2,1,United Kingdom,1168.18,39,1,1168.18,0
C10780,8358.33,2,9,4,United Kingdom,4179.165,40,2,8358.33,0
C10781,7072.74,2,7,4,EIRE,3536.37,273,2,7072.74,2
C10783,47664.98,4,33,12,Germany,11916.245,25,4,47664.98,1
C10785,3823.0199999999995,1,8,4,United Kingdom,3823.0199999999995,266,1,3823.0199999999995,2
C10786,3681.21,4,10,6,EIRE,920.3025,61,4,3681.21,0
C10787,7091.83,1,15,3,Canada,7091.83,37,1,7091.83,0
C10788,1420.62,1,6,2,United Kingdom,1420.62,167,1,1420.62,2
C10789,19457.11,3,22,7,United Kingdom,6485.703333333334,46,3,19457.11,1
C10790,12404.24,2,18,3,United Kingdom,6202.12,19,2,12404.24,0
C10791,14541.599999999999,2,12,6,Spain,7270.799999999999,15,2,14541.599999999999,0
C10792,17808.83,6,49,11,United Kingdom,2968.138333333334,84,6,17808.83,1
C10793,13786.800000000001,3,23,6,Netherlands,4595.6,101,3,13786.800000000001,0
C10794,11945.6,2,13,5,Netherlands,5972.8,164,2,11945.6,2
C10795,9071.880000000001,2,29,6,United Kingdom,4535.9400000000005,36,2,9071.880000000001,0
C10797,1971.32,1,3,2,United Kingdom,1971.32,211,1,1971.32,2
C10799,4674.95,2,13,4,United Kingdom,2337.475,194,2,4674.95,2
C10800,5814.51,2,7,4,EIRE,2907.255,149,2,5814.51,0
C10802,9229.61,1,9,4,United Kingdom,9229.61,122,1,9229.61,0
C10803,4509.68,1,8,4,India,4509.68,25,1,4509.68,0
C10804,22316.41,5,35,13,Singapore,4463.282,73,5,22316.41,1
C10807,666.6,1,2,2,United Kingdom,666.6,298,1,666.6,2
C10808,15029.73,2,20,6,United Kingdom,7514.865,15,2,15029.73,0
C10809,2158.29,1,5,3,United Kingdom,2158.29,136,1,2158.29,2
C10812,383.72,1,1,1,United Kingdom,383.72,170,1,383.72,2
C10813,33984.47,3,35,13,United Kingdom,11328.156666666668,106,3,33984.47,1
C10814,4451.67,1,6,3,India,4451.67,226,1,4451.67,2
C10815,19713.12,1,12,1,United Kingdom,19713.12,185,1,19713.12,2
C10816,5197.49,2,12,6,United Kingdom,2598.745,40,2,5197.49,0
C10818,20491.56,1,18,3,United Kingdom,20491.56,285,1,20491.56,2
C10819,9865.78,2,6,3,Germany,4932.89,197,2,9865.78,2
C10821,45211.340000000004,6,67,13,France,7535.223333333334,22,6,45211.340000000004,1
C10822,16049.630000000001,2,17,7,United Kingdom,8024.8150000000005,225,2,16049.630000000001,2
C10823,7499.65,5,17,6,India,1499.9299999999998,39,5,7499.65,1
C10824,3268.62,1,9,2,EIRE,3268.62,77,1,3268.62,0
C10825,8709.2,3,14,6,Canada,2903.066666666667,138,3,8709.2,0
C10826,13172.41,1,13,4,United Kingdom,13172.41,315,1,13172.41,2
C10827,1577.38,1,4,2,United Kingdom,1577.38,2,1,1577.38,0
C10828,12613.31,3,13,4,United Kingdom,4204.4366666666665,59,3,12613.31,0
C10830,5008.52,1,21,2,Netherlands,5008.52,21,1,5008.52,0
C10831,6124.18,2,10,4,Netherlands,3062.09,271,2,6124.18,2
C10832,2247.3999999999996,1,6,2,United Kingdom,2247.3999999999996,101,1,2247.3999999999996,0
C10833,10581.6,3,11,4,United Kingdom,3527.2000000000003,9,3,10581.6,0
C10834,889.74,2,5,2,United Kingdom,444.87,95,2,889.74,0
C10835,15000.61,1,28,6,Germany,15000.61,318,1,15000.61,2
C10837,30895.86,3,24,10,India,10298.62,82,3,30895.86,1
C10838,7383.76,1,13,7,United Kingdom,7383.76,202,1,7383.76,2
C10839,2609.81,2,13,4,United Kingdom,1304.905,53,2,2609.81,0
C10840,5039.34,1,6,1,Australia,5039.34,166,1,5039.34,2
C10842,24155.04,4,26,11,India,6038.76,122,4,24155.04,1
C10843,606.55,1,1,1,India,606.55,251,1,606.55,2
C10844,30327.96,3,52,10,EIRE,10109.32,48,3,30327.96,1
C10845,18520.739999999998,2,32,5,EIRE,9260.369999999999,267,2,18520.739999999998,2
C10846,33143.27,2,22,6,EIRE,16571.635,9,2,33143.27,1
C10847,3056.76,1,2,1,United Kingdom,3056.76,163,1,3056.76,2
C10850,16796.48,3,32,10,Germany,5598.826666666667,113,3,16796.48,1
